-- phpMyAdmin SQL Dump
-- version 4.8.3
-- https://www.phpmyadmin.net/
--
-- Gép: 127.0.0.1
-- Létrehozás ideje: 2019. Már 25. 08:12
-- Kiszolgáló verziója: 10.1.37-MariaDB
-- PHP verzió: 7.2.12

SET SQL_MODE = "NO_AUTO_VALUE_ON_ZERO";
SET AUTOCOMMIT = 0;
START TRANSACTION;
SET time_zone = "+00:00";


/*!40101 SET @OLD_CHARACTER_SET_CLIENT=@@CHARACTER_SET_CLIENT */;
/*!40101 SET @OLD_CHARACTER_SET_RESULTS=@@CHARACTER_SET_RESULTS */;
/*!40101 SET @OLD_COLLATION_CONNECTION=@@COLLATION_CONNECTION */;
/*!40101 SET NAMES utf8mb4 */;

--
-- Adatbázis: `magantanar`
--

-- --------------------------------------------------------

--
-- Tábla szerkezet ehhez a táblához `tanar`
--

CREATE TABLE `tanar` (
  `tanar_id` int(11) NOT NULL,
  `nev` varchar(18) DEFAULT NULL,
  `tantargy_id` int(2) DEFAULT NULL,
  `oradij` int(4) DEFAULT NULL,
  `telefon` varchar(14) DEFAULT NULL,
  `email` varchar(30) DEFAULT NULL,
  `hazhoz` int(1) DEFAULT NULL
) ENGINE=InnoDB DEFAULT CHARSET=utf8;

--
-- A tábla adatainak kiíratása `tanar`
--

INSERT INTO `tanar` (`tanar_id`, `nev`, `tantargy_id`, `oradij`, `telefon`, `email`, `hazhoz`) VALUES
(1, 'Jászai Szimonetta', 12, 1250, '(30) 740-96-29', 'jaszais@freemail.hu', 1),
(2, 'Szűcs Helga', 16, 1500, '(20) 891-20-90', 'szucs.helga@gmail.com', 1),
(3, 'Keller Nikolett', 7, 1750, '(20) 710-29-33', 'keller.nikolett@elte.hu', 1),
(4, 'Balogh Linda', 1, 2250, '(20) 282-27-80', 'baloghl@freemail.hu', 0),
(5, 'Tóth Gábor', 5, 1500, '(30) 761-86-35', 'toth.gabor@gmail.com', 0),
(6, 'Csiszér Buda', 4, 1000, '(70) 540-78-48', 'csiszer.buda@freemail.hu', 0),
(7, 'Balogh Edina', 11, 1500, '(20) 929-58-10', 'balogh.edina@elte.hu', 1),
(8, 'Csiszér Bettina', 7, 1250, '(30) 751-49-81', 'csiszer.bettina@magantanar.hu', 0),
(9, 'Nagy Rita', 2, 1250, '(70) 553-91-27', 'nagy.rita@elte.hu', 0),
(10, 'Szűcs Emília', 5, 2250, '(20) 943-11-81', 'szucs.emilia@freemail.hu', 0),
(11, 'Andrási Emília', 12, 1750, '(20) 477-85-92', 'andrasie@magantanar.hu', 0),
(12, 'Balogh Bálint', 16, 1750, '(20) 278-30-61', 'balogh.balint@elte.hu', 0),
(13, 'Tolnai Mariann', 8, 1500, '(20) 175-87-73', 'tolnaim@elte.hu', 0),
(14, 'Ambrus Sándor', 7, 1250, '(70) 353-95-18', 'ambruss@gmail.com', 0),
(15, 'Csala Adrián', 5, 2250, '(20) 297-65-99', 'csala.adrian@magantanar.hu', 0),
(16, 'Latorczai Etelka', 5, 1000, '(20) 890-84-94', 'latorczaie@elte.hu', 0),
(17, 'Hun Péter', 15, 1000, '(30) 380-37-70', 'hunp@magantanar.hu', 0),
(18, 'Varga Gergely', 4, 2250, '(20) 578-25-26', 'varga.gergely@gmail.com', 0),
(19, 'Lukács Edina', 16, 2000, '(30) 399-86-19', 'lukacs.edina@magantanar.hu', 1),
(20, 'Zoltai Rita', 6, 2000, '(20) 516-58-10', 'zoltai.rita@magantanar.hu', 0);

-- --------------------------------------------------------

--
-- Tábla szerkezet ehhez a táblához `tanitasi_alkalom`
--

CREATE TABLE `tanitasi_alkalom` (
  `alkalom_id` int(11) NOT NULL,
  `tanar_id` int(2) DEFAULT NULL,
  `tanitvany_id` int(2) DEFAULT NULL,
  `datum` date DEFAULT NULL,
  `kezdesido` time DEFAULT NULL,
  `orak_szama` int(1) DEFAULT NULL
) ENGINE=InnoDB DEFAULT CHARSET=utf8 COLLATE=utf8_hungarian_ci;

--
-- A tábla adatainak kiíratása `tanitasi_alkalom`
--

INSERT INTO `tanitasi_alkalom` (`alkalom_id`, `tanar_id`, `tanitvany_id`, `datum`, `kezdesido`, `orak_szama`) VALUES
(1, 18, 28, '2015-01-01', '09:00:00', 3),
(2, 11, 51, '2015-01-01', '10:00:00', 2),
(3, 20, 14, '2015-01-01', '10:00:00', 3),
(4, 5, 6, '2015-01-01', '11:00:00', 3),
(5, 14, 18, '2015-01-01', '12:00:00', 3),
(6, 19, 52, '2015-01-01', '13:00:00', 2),
(7, 15, 47, '2015-01-02', '08:30:00', 3),
(8, 3, 52, '2015-01-02', '11:30:00', 1),
(9, 5, 14, '2015-01-02', '11:30:00', 3),
(10, 18, 42, '2015-01-02', '13:30:00', 3),
(11, 7, 43, '2015-01-02', '14:00:00', 3),
(12, 16, 29, '2015-01-03', '08:30:00', 3),
(13, 1, 10, '2015-01-03', '09:00:00', 2),
(14, 15, 18, '2015-01-03', '10:00:00', 1),
(15, 3, 11, '2015-01-03', '10:00:00', 3),
(16, 10, 27, '2015-01-04', '10:00:00', 4),
(17, 9, 52, '2015-01-04', '11:00:00', 3),
(18, 7, 9, '2015-01-04', '15:00:00', 2),
(19, 17, 8, '2015-01-05', '11:00:00', 3),
(20, 7, 52, '2015-01-05', '12:30:00', 6),
(21, 19, 4, '2015-01-05', '14:00:00', 2),
(22, 6, 10, '2015-01-06', '10:00:00', 1),
(23, 12, 33, '2015-01-06', '13:00:00', 1),
(24, 17, 1, '2015-01-06', '13:00:00', 5),
(25, 16, 51, '2015-01-06', '14:30:00', 2),
(26, 4, 9, '2015-01-07', '09:30:00', 2),
(27, 14, 54, '2015-01-07', '10:00:00', 3),
(28, 10, 47, '2015-01-07', '13:30:00', 2),
(29, 9, 29, '2015-01-07', '14:30:00', 2),
(30, 18, 27, '2015-01-08', '11:00:00', 3),
(31, 4, 43, '2015-01-08', '14:00:00', 1),
(32, 9, 24, '2015-01-08', '14:00:00', 4),
(33, 1, 29, '2015-01-09', '08:00:00', 2),
(34, 5, 54, '2015-01-09', '09:00:00', 4),
(35, 19, 10, '2015-01-09', '09:30:00', 3),
(36, 6, 39, '2015-01-09', '13:30:00', 1),
(37, 4, 28, '2015-01-09', '14:30:00', 1),
(38, 3, 3, '2015-01-10', '08:30:00', 2),
(39, 12, 13, '2015-01-10', '12:00:00', 1),
(40, 19, 43, '2015-01-10', '12:30:00', 1),
(41, 20, 18, '2015-01-10', '13:30:00', 5),
(42, 7, 39, '2015-01-10', '14:00:00', 5),
(44, 17, 22, '2015-01-11', '09:00:00', 2),
(45, 1, 39, '2015-01-11', '09:30:00', 1),
(46, 9, 14, '2015-01-11', '10:30:00', 2),
(47, 19, 8, '2015-01-11', '11:00:00', 1),
(48, 2, 5, '2015-01-11', '11:00:00', 1),
(49, 6, 53, '2015-01-11', '14:00:00', 2),
(50, 5, 50, '2015-01-12', '09:00:00', 1),
(51, 18, 46, '2015-01-12', '09:00:00', 1),
(52, 20, 33, '2015-01-12', '11:00:00', 2),
(53, 13, 3, '2015-01-12', '12:30:00', 2),
(54, 1, 36, '2015-01-12', '15:00:00', 2),
(55, 10, 40, '2015-01-13', '08:00:00', 2),
(56, 4, 48, '2015-01-13', '10:30:00', 3),
(57, 8, 54, '2015-01-13', '12:00:00', 3),
(58, 13, 4, '2015-01-13', '12:30:00', 2),
(59, 7, 28, '2015-01-13', '14:30:00', 5),
(60, 3, 34, '2015-01-13', '14:30:00', 3),
(61, 15, 38, '2015-01-14', '08:00:00', 3),
(62, 13, 32, '2015-01-14', '08:00:00', 2),
(63, 10, 9, '2015-01-14', '09:00:00', 1),
(64, 11, 10, '2015-01-14', '12:00:00', 2),
(65, 4, 35, '2015-01-14', '12:00:00', 6),
(66, 7, 25, '2015-01-14', '12:00:00', 3),
(67, 3, 28, '2015-01-14', '14:00:00', 3),
(68, 12, 9, '2015-01-14', '14:30:00', 5),
(69, 20, 41, '2015-01-14', '14:30:00', 2),
(70, 11, 51, '2015-01-15', '11:00:00', 3),
(71, 10, 46, '2015-01-15', '11:30:00', 3),
(72, 9, 19, '2015-01-15', '12:00:00', 4),
(73, 4, 51, '2015-01-15', '12:00:00', 2),
(74, 15, 5, '2015-01-15', '12:00:00', 2),
(75, 2, 19, '2015-01-15', '15:30:00', 4),
(76, 4, 51, '2015-01-16', '09:00:00', 3),
(77, 14, 48, '2015-01-16', '11:00:00', 3),
(78, 10, 28, '2015-01-16', '11:00:00', 3),
(79, 2, 35, '2015-01-17', '08:00:00', 3),
(80, 17, 41, '2015-01-17', '10:00:00', 3),
(81, 4, 45, '2015-01-17', '12:30:00', 3),
(82, 18, 31, '2015-01-18', '08:30:00', 3),
(83, 12, 29, '2015-01-18', '09:00:00', 1),
(84, 8, 24, '2015-01-18', '09:00:00', 4),
(85, 2, 15, '2015-01-18', '09:30:00', 2),
(86, 3, 46, '2015-01-18', '11:30:00', 1),
(87, 10, 46, '2015-01-18', '14:00:00', 1),
(88, 20, 16, '2015-01-20', '08:30:00', 3),
(89, 6, 45, '2015-01-20', '11:00:00', 3),
(90, 13, 35, '2015-01-20', '14:30:00', 3),
(91, 13, 38, '2015-01-21', '11:00:00', 1),
(92, 14, 14, '2015-01-21', '11:30:00', 6),
(93, 17, 1, '2015-01-21', '15:30:00', 2),
(94, 11, 42, '2015-01-22', '10:00:00', 4),
(95, 15, 29, '2015-01-22', '11:30:00', 4),
(96, 20, 8, '2015-01-22', '14:00:00', 2),
(97, 5, 18, '2015-01-23', '11:30:00', 3),
(98, 20, 19, '2015-01-23', '14:00:00', 3),
(99, 14, 8, '2015-01-23', '15:30:00', 3),
(100, 8, 26, '2015-01-24', '12:00:00', 2),
(101, 20, 40, '2015-01-24', '14:00:00', 2),
(102, 18, 24, '2015-01-24', '15:00:00', 3),
(103, 13, 48, '2015-01-25', '09:30:00', 2),
(104, 19, 22, '2015-01-25', '10:00:00', 5),
(105, 5, 53, '2015-01-25', '12:00:00', 2),
(106, 18, 24, '2015-01-25', '15:30:00', 3),
(107, 6, 41, '2015-01-26', '09:00:00', 2),
(108, 2, 19, '2015-01-26', '11:30:00', 3),
(109, 19, 10, '2015-01-26', '12:00:00', 4),
(110, 10, 33, '2015-01-26', '14:00:00', 2),
(111, 17, 21, '2015-01-26', '14:00:00', 3),
(112, 1, 20, '2015-01-26', '14:30:00', 3),
(113, 3, 24, '2015-01-27', '08:00:00', 3),
(114, 7, 23, '2015-01-27', '08:30:00', 3),
(115, 4, 7, '2015-01-28', '08:00:00', 3),
(116, 10, 45, '2015-01-28', '10:30:00', 3),
(117, 15, 7, '2015-01-28', '11:30:00', 3),
(118, 18, 52, '2015-01-28', '13:30:00', 1),
(119, 17, 31, '2015-01-28', '13:30:00', 2),
(120, 9, 7, '2015-01-28', '14:30:00', 1),
(121, 1, 43, '2015-02-01', '08:30:00', 1),
(122, 4, 2, '2015-02-01', '09:30:00', 2),
(123, 11, 27, '2015-02-01', '10:30:00', 3),
(124, 2, 13, '2015-02-01', '14:00:00', 3),
(125, 20, 21, '2015-02-02', '09:00:00', 1),
(126, 1, 10, '2015-02-02', '09:30:00', 6),
(127, 7, 53, '2015-02-02', '12:30:00', 1),
(128, 14, 16, '2015-02-02', '12:30:00', 3),
(129, 8, 23, '2015-02-02', '13:00:00', 2),
(130, 16, 46, '2015-02-02', '14:00:00', 4),
(131, 11, 23, '2015-02-02', '14:30:00', 3),
(132, 12, 12, '2015-02-03', '08:00:00', 1),
(133, 7, 14, '2015-02-03', '08:00:00', 3),
(134, 20, 38, '2015-02-03', '12:00:00', 1),
(135, 9, 22, '2015-02-03', '13:00:00', 1),
(136, 18, 9, '2015-02-04', '08:30:00', 3),
(137, 5, 27, '2015-02-04', '09:00:00', 3),
(138, 9, 37, '2015-02-04', '09:00:00', 4),
(139, 1, 38, '2015-02-04', '14:30:00', 1),
(140, 4, 9, '2015-02-05', '09:30:00', 3),
(141, 15, 39, '2015-02-05', '10:00:00', 2),
(143, 11, 7, '2015-02-05', '13:00:00', 2),
(144, 10, 2, '2015-02-05', '15:30:00', 5),
(145, 5, 41, '2015-02-06', '09:30:00', 2),
(146, 17, 46, '2015-02-06', '10:00:00', 3),
(147, 8, 36, '2015-02-07', '08:00:00', 4),
(148, 3, 13, '2015-02-07', '08:30:00', 3),
(149, 9, 19, '2015-02-07', '09:00:00', 2),
(150, 18, 50, '2015-02-07', '12:30:00', 3),
(151, 12, 25, '2015-02-07', '14:00:00', 4),
(152, 17, 35, '2015-02-07', '14:30:00', 5),
(153, 5, 32, '2015-02-08', '11:00:00', 2),
(154, 15, 40, '2015-02-08', '14:30:00', 2),
(155, 20, 38, '2015-02-09', '08:00:00', 1),
(156, 5, 39, '2015-02-09', '08:30:00', 2),
(157, 14, 17, '2015-02-09', '09:30:00', 2),
(158, 4, 38, '2015-02-09', '10:00:00', 5),
(159, 10, 33, '2015-02-09', '11:00:00', 2),
(160, 8, 33, '2015-02-09', '14:30:00', 4),
(161, 3, 13, '2015-02-09', '15:00:00', 2),
(162, 18, 50, '2015-02-09', '15:30:00', 1),
(163, 1, 24, '2015-02-10', '08:00:00', 2),
(164, 15, 51, '2015-02-10', '09:30:00', 3),
(165, 11, 4, '2015-02-10', '10:00:00', 3),
(166, 3, 33, '2015-02-10', '10:00:00', 1),
(167, 9, 46, '2015-02-10', '11:30:00', 3),
(168, 20, 16, '2015-02-10', '13:00:00', 1),
(169, 18, 38, '2015-02-10', '15:00:00', 1),
(170, 14, 41, '2015-02-10', '15:30:00', 3),
(171, 16, 8, '2015-02-11', '08:00:00', 2),
(172, 4, 9, '2015-02-11', '08:00:00', 3),
(173, 2, 25, '2015-02-11', '08:30:00', 2),
(174, 17, 13, '2015-02-12', '08:30:00', 1),
(175, 7, 52, '2015-02-12', '09:00:00', 5),
(176, 3, 36, '2015-02-12', '11:00:00', 1),
(177, 4, 45, '2015-02-12', '12:00:00', 1),
(178, 19, 23, '2015-02-13', '09:30:00', 3),
(179, 5, 32, '2015-02-13', '10:30:00', 3),
(180, 9, 17, '2015-02-13', '11:00:00', 3),
(181, 20, 41, '2015-02-13', '11:00:00', 2),
(182, 15, 22, '2015-02-13', '12:30:00', 4),
(183, 4, 12, '2015-02-13', '15:00:00', 3),
(184, 17, 45, '2015-02-13', '15:30:00', 3),
(185, 14, 52, '2015-02-14', '08:00:00', 1),
(186, 12, 33, '2015-02-14', '08:00:00', 3),
(187, 4, 51, '2015-02-14', '09:00:00', 1),
(188, 18, 26, '2015-02-14', '09:00:00', 1),
(189, 11, 28, '2015-02-14', '11:00:00', 3),
(190, 19, 12, '2015-02-14', '15:30:00', 1),
(191, 6, 37, '2015-02-15', '10:00:00', 1),
(192, 8, 50, '2015-02-15', '10:30:00', 2),
(193, 18, 49, '2015-02-15', '11:00:00', 2),
(194, 5, 39, '2015-02-15', '11:30:00', 4),
(195, 2, 28, '2015-02-15', '13:00:00', 1),
(196, 20, 40, '2015-02-15', '15:00:00', 3),
(197, 7, 49, '2015-02-15', '15:00:00', 4),
(198, 12, 38, '2015-02-16', '08:30:00', 2),
(199, 6, 20, '2015-02-16', '14:30:00', 2),
(200, 19, 31, '2015-02-16', '15:30:00', 3),
(201, 8, 23, '2015-02-17', '08:00:00', 2),
(202, 20, 15, '2015-02-17', '08:00:00', 3),
(204, 3, 40, '2015-02-17', '10:00:00', 3),
(205, 10, 50, '2015-02-17', '11:30:00', 2),
(206, 2, 53, '2015-02-17', '13:00:00', 4),
(207, 8, 37, '2015-02-18', '09:00:00', 6),
(208, 14, 54, '2015-02-18', '09:00:00', 1),
(209, 4, 3, '2015-02-18', '13:30:00', 3),
(210, 9, 9, '2015-02-19', '08:00:00', 1),
(211, 6, 10, '2015-02-19', '11:00:00', 3),
(212, 20, 48, '2015-02-19', '11:30:00', 4),
(213, 12, 17, '2015-02-19', '13:00:00', 3),
(214, 15, 23, '2015-02-19', '13:30:00', 2),
(215, 3, 7, '2015-02-19', '14:00:00', 2),
(216, 18, 2, '2015-02-19', '14:30:00', 1),
(217, 16, 17, '2015-02-19', '15:30:00', 5),
(218, 8, 32, '2015-02-20', '09:30:00', 3),
(219, 6, 28, '2015-02-20', '12:00:00', 2),
(220, 5, 12, '2015-02-20', '12:00:00', 3),
(221, 15, 7, '2015-02-20', '13:00:00', 1),
(222, 3, 2, '2015-02-20', '15:30:00', 3),
(223, 9, 25, '2015-02-21', '15:30:00', 3),
(224, 11, 21, '2015-02-22', '09:30:00', 3),
(225, 5, 25, '2015-02-22', '14:30:00', 1),
(226, 1, 26, '2015-02-23', '10:30:00', 2),
(227, 5, 46, '2015-02-23', '11:00:00', 2),
(228, 10, 7, '2015-02-23', '13:30:00', 2),
(229, 6, 8, '2015-02-23', '14:30:00', 1),
(230, 16, 40, '2015-02-24', '11:30:00', 2),
(231, 15, 46, '2015-02-24', '14:00:00', 2),
(232, 6, 10, '2015-02-25', '10:00:00', 1),
(233, 13, 48, '2015-02-25', '11:30:00', 3),
(234, 5, 27, '2015-02-25', '11:30:00', 3),
(235, 11, 40, '2015-02-25', '12:00:00', 4),
(236, 12, 16, '2015-02-25', '15:30:00', 2),
(237, 19, 3, '2015-02-25', '15:30:00', 1),
(238, 5, 8, '2015-02-26', '08:00:00', 2),
(239, 4, 35, '2015-02-26', '09:30:00', 2),
(240, 12, 47, '2015-02-26', '13:00:00', 1),
(241, 11, 53, '2015-02-27', '11:30:00', 2),
(242, 9, 54, '2015-02-27', '13:30:00', 2),
(243, 7, 46, '2015-02-28', '08:00:00', 1),
(244, 4, 49, '2015-02-28', '08:00:00', 1),
(245, 1, 16, '2015-02-28', '10:30:00', 3),
(246, 10, 50, '2015-02-28', '11:00:00', 4),
(247, 14, 22, '2015-02-28', '13:00:00', 3),
(248, 6, 28, '2015-02-28', '13:00:00', 1),
(249, 20, 45, '2015-02-28', '13:30:00', 4),
(250, 9, 15, '2015-03-01', '08:30:00', 3),
(251, 20, 34, '2015-03-01', '08:30:00', 1),
(252, 15, 27, '2015-03-01', '08:30:00', 4),
(253, 6, 23, '2015-03-01', '13:30:00', 3),
(254, 2, 28, '2015-03-01', '13:30:00', 4),
(255, 18, 18, '2015-03-02', '10:30:00', 1),
(256, 20, 49, '2015-03-02', '10:30:00', 1),
(257, 14, 51, '2015-03-02', '12:00:00', 2),
(258, 1, 3, '2015-03-03', '09:30:00', 3),
(259, 6, 46, '2015-03-03', '10:00:00', 1),
(260, 15, 11, '2015-03-03', '10:30:00', 3),
(261, 11, 27, '2015-03-04', '08:30:00', 3),
(262, 8, 18, '2015-03-04', '09:00:00', 1),
(263, 4, 54, '2015-03-04', '09:00:00', 3),
(264, 6, 1, '2015-03-04', '09:30:00', 3),
(265, 19, 40, '2015-03-04', '10:30:00', 1),
(266, 2, 19, '2015-03-04', '14:00:00', 2),
(267, 16, 29, '2015-03-04', '14:30:00', 1),
(268, 7, 5, '2015-03-05', '10:30:00', 2),
(269, 1, 42, '2015-03-05', '11:00:00', 1),
(270, 18, 15, '2015-03-05', '12:30:00', 4),
(271, 12, 2, '2015-03-05', '13:00:00', 6),
(272, 4, 13, '2015-03-05', '13:30:00', 1),
(273, 20, 40, '2015-03-05', '14:00:00', 2),
(274, 5, 19, '2015-03-06', '12:00:00', 1),
(275, 10, 5, '2015-03-06', '13:00:00', 4),
(276, 2, 48, '2015-03-07', '08:30:00', 1),
(277, 9, 39, '2015-03-07', '09:30:00', 5),
(278, 16, 28, '2015-03-07', '10:00:00', 2),
(279, 7, 47, '2015-03-07', '11:30:00', 2),
(280, 14, 14, '2015-03-07', '12:00:00', 5),
(281, 19, 19, '2015-03-08', '09:30:00', 3),
(282, 15, 23, '2015-03-08', '11:30:00', 3),
(283, 10, 33, '2015-03-08', '15:30:00', 6),
(284, 18, 31, '2015-03-09', '11:30:00', 6),
(285, 20, 38, '2015-03-09', '12:00:00', 1),
(286, 19, 35, '2015-03-09', '12:30:00', 5),
(287, 6, 4, '2015-03-09', '13:30:00', 5),
(288, 2, 41, '2015-03-09', '14:00:00', 5),
(289, 1, 1, '2015-03-09', '14:30:00', 1),
(290, 5, 27, '2015-03-09', '15:00:00', 5),
(291, 9, 12, '2015-03-09', '15:30:00', 2),
(292, 6, 9, '2015-03-10', '08:00:00', 2),
(293, 19, 40, '2015-03-10', '11:00:00', 1),
(294, 5, 19, '2015-03-10', '12:30:00', 2),
(295, 9, 47, '2015-03-10', '13:00:00', 3),
(296, 11, 10, '2015-03-10', '14:30:00', 4),
(297, 10, 2, '2015-03-10', '15:00:00', 1),
(298, 18, 37, '2015-03-11', '09:30:00', 2),
(299, 12, 48, '2015-03-11', '11:00:00', 1),
(300, 17, 53, '2015-03-11', '12:00:00', 2),
(301, 2, 3, '2015-03-11', '13:00:00', 3),
(303, 20, 10, '2015-03-11', '14:00:00', 5),
(304, 16, 38, '2015-03-12', '08:00:00', 3),
(305, 6, 26, '2015-03-12', '08:00:00', 3),
(306, 5, 32, '2015-03-12', '08:30:00', 1),
(307, 10, 31, '2015-03-12', '09:00:00', 2),
(308, 17, 46, '2015-03-12', '10:00:00', 1),
(309, 1, 30, '2015-03-12', '15:30:00', 3),
(310, 14, 45, '2015-03-13', '08:00:00', 2),
(311, 15, 40, '2015-03-13', '11:30:00', 5),
(312, 16, 54, '2015-03-13', '14:00:00', 1),
(313, 6, 45, '2015-03-14', '08:00:00', 5),
(314, 2, 19, '2015-03-14', '09:00:00', 3),
(315, 16, 6, '2015-03-14', '11:00:00', 2),
(316, 17, 6, '2015-03-14', '12:30:00', 2),
(317, 3, 3, '2015-03-14', '12:30:00', 2),
(318, 9, 6, '2015-03-14', '15:00:00', 3),
(319, 19, 35, '2015-03-14', '15:00:00', 3),
(320, 18, 22, '2015-03-15', '08:30:00', 1),
(321, 12, 17, '2015-03-15', '09:30:00', 2),
(322, 14, 26, '2015-03-15', '10:00:00', 1),
(323, 4, 11, '2015-03-15', '11:00:00', 5),
(324, 20, 16, '2015-03-15', '14:30:00', 5),
(325, 5, 19, '2015-03-16', '14:30:00', 1),
(326, 13, 5, '2015-03-17', '08:30:00', 1),
(327, 9, 18, '2015-03-17', '10:00:00', 3),
(328, 10, 33, '2015-03-17', '12:30:00', 3),
(329, 2, 30, '2015-03-17', '12:30:00', 4),
(330, 20, 4, '2015-03-17', '15:30:00', 4),
(331, 13, 36, '2015-03-18', '10:30:00', 3),
(332, 1, 13, '2015-03-18', '10:30:00', 1),
(333, 10, 48, '2015-03-18', '12:00:00', 1),
(334, 14, 18, '2015-03-18', '14:30:00', 1),
(335, 7, 13, '2015-03-19', '08:30:00', 2),
(336, 9, 5, '2015-03-19', '11:00:00', 3),
(337, 18, 27, '2015-03-19', '12:00:00', 1),
(338, 5, 41, '2015-03-19', '14:30:00', 3),
(339, 2, 8, '2015-03-19', '15:30:00', 2),
(340, 8, 21, '2015-03-20', '08:00:00', 1),
(341, 16, 46, '2015-03-20', '10:00:00', 2),
(342, 10, 8, '2015-03-20', '11:00:00', 4),
(344, 9, 31, '2015-03-20', '15:00:00', 4),
(345, 10, 42, '2015-03-21', '10:00:00', 4),
(346, 2, 41, '2015-03-21', '11:30:00', 4),
(347, 19, 1, '2015-03-21', '13:00:00', 3),
(348, 16, 14, '2015-03-22', '12:00:00', 2),
(349, 19, 6, '2015-03-22', '13:30:00', 3),
(350, 16, 6, '2015-03-23', '08:30:00', 1),
(351, 2, 47, '2015-03-23', '09:00:00', 2),
(352, 5, 37, '2015-03-23', '09:30:00', 3),
(353, 20, 33, '2015-03-23', '11:30:00', 3),
(354, 8, 41, '2015-03-23', '12:00:00', 3),
(355, 6, 50, '2015-03-23', '13:30:00', 2),
(356, 12, 39, '2015-03-23', '14:30:00', 1),
(357, 20, 9, '2015-03-24', '08:00:00', 6),
(358, 18, 19, '2015-03-24', '08:30:00', 3),
(359, 11, 32, '2015-03-24', '09:00:00', 1),
(360, 1, 22, '2015-03-24', '14:00:00', 3),
(361, 7, 45, '2015-03-25', '09:30:00', 4),
(362, 14, 26, '2015-03-25', '10:30:00', 2),
(364, 4, 48, '2015-03-25', '12:00:00', 4),
(365, 8, 18, '2015-03-25', '12:30:00', 3),
(366, 13, 12, '2015-03-25', '15:00:00', 1),
(367, 2, 45, '2015-03-26', '08:30:00', 3),
(368, 13, 45, '2015-03-26', '10:00:00', 3),
(369, 15, 10, '2015-03-26', '12:00:00', 2),
(370, 18, 32, '2015-03-26', '13:00:00', 1),
(371, 12, 38, '2015-03-26', '15:30:00', 3),
(372, 19, 30, '2015-03-26', '15:30:00', 5),
(373, 18, 33, '2015-03-27', '08:30:00', 3),
(374, 6, 24, '2015-03-27', '10:30:00', 1),
(375, 13, 40, '2015-03-27', '13:30:00', 1),
(376, 11, 20, '2015-03-27', '13:30:00', 1),
(377, 7, 15, '2015-03-27', '14:30:00', 3),
(378, 19, 12, '2015-03-27', '14:30:00', 4),
(379, 19, 3, '2015-03-28', '08:30:00', 2),
(380, 6, 37, '2015-03-28', '10:30:00', 1),
(381, 17, 6, '2015-03-28', '11:00:00', 1),
(382, 10, 35, '2015-03-28', '11:00:00', 6),
(383, 15, 1, '2015-03-28', '11:00:00', 1),
(384, 8, 10, '2015-03-28', '13:00:00', 3),
(385, 2, 49, '2015-03-28', '14:00:00', 2),
(386, 7, 20, '2015-03-28', '15:00:00', 1),
(388, 3, 20, '2015-04-01', '11:30:00', 1),
(389, 2, 42, '2015-04-01', '14:30:00', 3),
(390, 19, 22, '2015-04-02', '08:00:00', 3),
(391, 17, 53, '2015-04-02', '10:00:00', 4),
(392, 15, 52, '2015-04-02', '11:00:00', 1),
(393, 7, 14, '2015-04-02', '11:00:00', 1),
(394, 20, 31, '2015-04-02', '15:00:00', 1),
(395, 8, 40, '2015-04-02', '15:00:00', 4),
(396, 4, 31, '2015-04-02', '15:30:00', 2),
(397, 12, 26, '2015-04-03', '11:00:00', 4),
(398, 13, 37, '2015-04-03', '11:30:00', 2),
(399, 16, 32, '2015-04-03', '13:00:00', 1),
(400, 2, 45, '2015-04-03', '13:00:00', 1),
(401, 15, 27, '2015-04-03', '14:00:00', 2),
(402, 5, 36, '2015-04-03', '15:30:00', 5),
(403, 9, 46, '2015-04-04', '12:00:00', 4),
(404, 18, 13, '2015-04-04', '14:00:00', 1),
(405, 12, 34, '2015-04-04', '15:00:00', 2),
(406, 14, 9, '2015-04-05', '09:30:00', 3),
(407, 8, 50, '2015-04-05', '10:30:00', 1),
(408, 17, 50, '2015-04-05', '12:30:00', 5),
(409, 5, 14, '2015-04-05', '13:30:00', 2),
(410, 7, 43, '2015-04-06', '10:30:00', 2),
(411, 4, 38, '2015-04-06', '14:00:00', 1),
(412, 4, 30, '2015-04-07', '08:00:00', 1),
(413, 8, 15, '2015-04-07', '10:30:00', 3),
(414, 2, 24, '2015-04-07', '10:30:00', 4),
(415, 8, 24, '2015-04-08', '10:30:00', 3),
(416, 10, 30, '2015-04-08', '12:30:00', 3),
(417, 13, 46, '2015-04-09', '08:00:00', 3),
(418, 4, 23, '2015-04-09', '09:30:00', 1),
(419, 3, 6, '2015-04-09', '12:00:00', 3),
(420, 15, 12, '2015-04-09', '13:00:00', 1),
(421, 6, 48, '2015-04-09', '15:00:00', 3),
(422, 19, 41, '2015-04-09', '15:00:00', 2),
(423, 11, 6, '2015-04-09', '15:30:00', 2),
(424, 5, 47, '2015-04-10', '08:30:00', 3),
(425, 4, 5, '2015-04-10', '09:30:00', 1),
(426, 15, 26, '2015-04-10', '10:00:00', 2),
(427, 17, 1, '2015-04-10', '10:30:00', 3),
(428, 16, 13, '2015-04-10', '10:30:00', 2),
(429, 7, 45, '2015-04-11', '11:00:00', 5),
(430, 17, 43, '2015-04-11', '11:30:00', 4),
(431, 3, 3, '2015-04-11', '13:00:00', 1),
(432, 1, 33, '2015-04-11', '14:00:00', 3),
(433, 3, 24, '2015-04-12', '08:30:00', 1),
(434, 9, 22, '2015-04-12', '11:00:00', 2),
(435, 19, 32, '2015-04-12', '12:30:00', 2),
(436, 2, 26, '2015-04-12', '14:00:00', 5),
(437, 12, 3, '2015-04-13', '08:00:00', 1),
(439, 7, 2, '2015-04-13', '10:00:00', 4),
(440, 14, 47, '2015-04-13', '10:30:00', 1),
(441, 2, 21, '2015-04-13', '12:30:00', 3),
(442, 19, 43, '2015-04-13', '12:30:00', 3),
(443, 5, 34, '2015-04-13', '13:00:00', 3),
(444, 10, 3, '2015-04-13', '14:00:00', 3),
(445, 11, 33, '2015-04-14', '11:30:00', 3),
(446, 1, 30, '2015-04-14', '13:30:00', 2),
(447, 3, 51, '2015-04-14', '14:00:00', 3),
(448, 12, 27, '2015-04-14', '14:30:00', 2),
(449, 20, 4, '2015-04-14', '15:00:00', 4),
(450, 3, 17, '2015-04-15', '10:30:00', 2),
(451, 9, 47, '2015-04-15', '11:00:00', 3),
(452, 9, 47, '2015-04-16', '11:00:00', 1),
(453, 17, 9, '2015-04-16', '11:00:00', 3),
(454, 8, 7, '2015-04-16', '14:00:00', 3),
(455, 20, 19, '2015-04-16', '14:30:00', 5),
(456, 11, 18, '2015-04-16', '15:30:00', 2),
(457, 11, 46, '2015-04-17', '09:00:00', 6),
(458, 16, 4, '2015-04-17', '10:30:00', 2),
(459, 5, 54, '2015-04-17', '11:30:00', 2),
(460, 18, 49, '2015-04-17', '11:30:00', 2),
(461, 6, 49, '2015-04-17', '14:00:00', 3),
(462, 1, 47, '2015-04-17', '14:30:00', 1),
(463, 3, 15, '2015-04-18', '08:00:00', 1),
(464, 9, 45, '2015-04-18', '12:30:00', 4),
(465, 7, 15, '2015-04-18', '15:30:00', 2),
(466, 11, 1, '2015-04-19', '10:00:00', 5),
(467, 1, 17, '2015-04-19', '14:00:00', 5),
(468, 10, 21, '2015-04-19', '15:30:00', 3),
(469, 6, 47, '2015-04-19', '15:30:00', 3),
(470, 3, 20, '2015-04-20', '08:00:00', 2),
(471, 5, 46, '2015-04-20', '09:30:00', 1),
(472, 16, 22, '2015-04-20', '10:30:00', 3),
(474, 13, 6, '2015-04-20', '11:30:00', 3),
(475, 14, 41, '2015-04-20', '12:00:00', 3),
(476, 17, 19, '2015-04-20', '13:00:00', 4),
(477, 9, 4, '2015-04-20', '15:00:00', 2),
(478, 7, 42, '2015-04-21', '09:00:00', 2),
(479, 6, 49, '2015-04-21', '12:00:00', 1),
(480, 3, 23, '2015-04-21', '13:00:00', 6),
(481, 20, 13, '2015-04-21', '13:30:00', 2),
(482, 2, 17, '2015-04-22', '08:00:00', 2),
(483, 9, 18, '2015-04-22', '08:30:00', 2),
(484, 15, 29, '2015-04-22', '09:00:00', 1),
(485, 3, 29, '2015-04-22', '09:00:00', 2),
(486, 19, 23, '2015-04-22', '11:30:00', 1),
(488, 16, 38, '2015-04-22', '12:00:00', 3),
(489, 14, 45, '2015-04-22', '14:00:00', 3),
(490, 17, 30, '2015-04-22', '15:00:00', 3),
(491, 5, 29, '2015-04-22', '15:30:00', 1),
(492, 10, 26, '2015-04-22', '15:30:00', 5),
(493, 5, 1, '2015-04-23', '09:30:00', 3),
(494, 17, 4, '2015-04-23', '10:00:00', 5),
(495, 2, 32, '2015-04-23', '10:30:00', 1),
(496, 1, 33, '2015-04-23', '11:00:00', 1),
(497, 15, 34, '2015-04-23', '11:30:00', 2),
(498, 12, 43, '2015-04-23', '12:30:00', 1),
(499, 9, 17, '2015-04-23', '13:00:00', 1),
(500, 18, 3, '2015-04-23', '13:30:00', 2),
(501, 19, 52, '2015-04-23', '14:00:00', 3),
(502, 6, 24, '2015-04-24', '11:30:00', 2),
(503, 20, 39, '2015-04-24', '14:00:00', 1),
(504, 3, 6, '2015-04-24', '14:00:00', 1),
(505, 6, 40, '2015-04-25', '08:00:00', 4),
(506, 7, 21, '2015-04-25', '08:30:00', 2),
(507, 10, 35, '2015-04-25', '10:00:00', 1),
(508, 15, 33, '2015-04-25', '10:30:00', 3),
(509, 19, 14, '2015-04-25', '15:30:00', 3),
(510, 1, 23, '2015-04-26', '08:00:00', 2),
(511, 16, 48, '2015-04-26', '09:00:00', 2),
(512, 6, 52, '2015-04-26', '09:30:00', 2),
(513, 12, 12, '2015-04-26', '10:30:00', 3),
(514, 2, 4, '2015-04-26', '10:30:00', 1),
(515, 5, 52, '2015-04-26', '11:00:00', 3),
(516, 11, 17, '2015-04-26', '12:00:00', 4),
(517, 8, 26, '2015-04-27', '13:30:00', 1),
(518, 17, 3, '2015-04-27', '15:00:00', 3),
(519, 13, 43, '2015-04-27', '15:00:00', 2),
(520, 4, 36, '2015-04-28', '08:00:00', 1),
(521, 7, 22, '2015-04-28', '11:00:00', 3),
(522, 13, 7, '2015-04-28', '14:00:00', 3);

-- --------------------------------------------------------

--
-- Tábla szerkezet ehhez a táblához `tanitvany`
--

CREATE TABLE `tanitvany` (
  `tanitvany_id` int(11) NOT NULL,
  `nev` varchar(20) CHARACTER SET utf8 DEFAULT NULL,
  `telefon` varchar(14) CHARACTER SET utf8 DEFAULT NULL,
  `email` varchar(33) CHARACTER SET utf8 DEFAULT NULL
) ENGINE=InnoDB DEFAULT CHARSET=utf8 COLLATE=utf8_hungarian_ci;

--
-- A tábla adatainak kiíratása `tanitvany`
--

INSERT INTO `tanitvany` (`tanitvany_id`, `nev`, `telefon`, `email`) VALUES
(1, 'Békési Pál', '(70) 845-60-82', 'bekesi.pal@gmail.com'),
(2, 'Bethlen Lajos', '(20) 549-19-44', 'bethlen.lajos@magantanar.hu'),
(3, 'Eszes Linda', '(20) 350-76-61', 'eszes.linda@magantanar.hu'),
(4, 'Veres István', '(30) 775-14-83', 'veres.istvan@gmail.com'),
(5, 'Turai Zoltán', '(70) 968-76-28', 'turaiz@elte.hu'),
(6, 'Madarász Andrea', '(20) 265-16-29', 'madarasz.andrea@magantanar.hu'),
(7, 'Andrási István', '(20) 464-65-73', 'andrasi.istvan@gmail.com'),
(8, 'Csikós Sámuel', '(30) 968-21-55', 'csikoss@elte.hu'),
(9, 'Kányádi Kálmán', '(70) 867-39-11', 'kanyadi.kalman@elte.hu'),
(10, 'Illovszki Ferenc', '(20) 262-65-18', 'illovszki.ferenc@freemail.hu'),
(11, 'Erdei Katalin', '(70) 374-99-16', 'erdeik@gmail.com'),
(12, 'Verpeléti Barbara', '(30) 466-21-26', 'verpeleti.barbara@elte.hu'),
(13, 'Gőgösi Dávid', '(20) 479-53-52', 'gogosi.david@elte.hu'),
(14, 'Horkai Miklós', '(20) 471-74-37', 'horkaim@elte.hu'),
(15, 'Kalló Dóra', '(20) 537-87-28', 'kallo.dora@elte.hu'),
(16, 'Herczeg Pál', '(70) 783-61-35', 'herczegp@magantanar.hu'),
(17, 'Illovszki Kitty', '(20) 667-23-59', 'illovszkik@gmail.com'),
(18, 'Balogh Zsuzsanna', '(20) 683-97-99', 'balogh.zsuzsanna@magantanar.hu'),
(19, 'Cseszneki Lívia', '(70) 783-43-58', 'cseszneki.livia@gmail.com'),
(20, 'Zsolnai Eleonóra', '(70) 725-35-68', 'zsolnai.eleonora@freemail.hu'),
(21, 'Fekete Kálmán', '(20) 583-88-89', 'feketek@freemail.hu'),
(22, 'Lukács Adrián', '(20) 957-81-51', 'lukacs.adrian@gmail.com'),
(23, 'Erdei Géza', '(20) 872-27-17', 'erdeig@gmail.com'),
(24, 'Gellért Ilona', '(70) 564-88-49', 'gellerti@gmail.com'),
(25, 'Hegyi Péter', '(20) 681-15-20', 'hegyi.peter@gmail.com'),
(26, 'Herczeg Rita', '(70) 894-67-46', 'herczegr@magantanar.hu'),
(27, 'Józsa József', '(20) 305-92-39', 'jozsaj@elte.hu'),
(28, 'Tolnai Petra', '(30) 800-14-47', 'tolnaip@magantanar.hu'),
(29, 'Szabó Dóra', '(20) 908-70-60', 'szabo.dora@elte.hu'),
(30, 'Fási Ferenc', '(20) 920-51-98', 'fasi.ferenc@magantanar.hu'),
(31, 'Gellért Zita', '(20) 180-19-48', 'gellert.zita@magantanar.hu'),
(32, 'Halmosi Olga', '(70) 590-90-66', 'halmosi.olga@freemail.hu'),
(33, 'Varga Bálint', '(20) 939-99-29', 'varga.balint@gmail.com'),
(34, 'Csikós Emília', '(20) 584-33-68', 'csikos.emilia@magantanar.hu'),
(35, 'Jászai Bettina', '(70) 941-26-51', 'jaszaib@elte.hu'),
(36, 'Bethlen Bálint', '(20) 659-11-24', 'bethlenb@freemail.hu'),
(37, 'Ambrus Sándor', '(20) 483-31-62', 'ambrus.sandor@freemail.hu'),
(38, 'Zoltai István', '(20) 901-40-81', 'zoltaii@elte.hu'),
(39, 'Eszes Tibor', '(20) 635-77-49', 'eszes.tibor@magantanar.hu'),
(40, 'Fazekas Gabriella', '(20) 644-88-20', 'fazekas.gabriella@freemail.hu'),
(41, 'Fási Lehel', '(30) 311-60-61', 'fasi.lehel@magantanar.hu'),
(42, 'Horkai Lajos', '(20) 901-37-21', 'horkai.lajos@elte.hu'),
(43, 'Lukács Roland', '(30) 225-13-60', 'lukacsr@freemail.hu'),
(45, 'Csiszér János', '(70) 855-98-32', 'csiszer.janos@gmail.com'),
(46, 'Keller Ferenc', '(20) 564-20-72', 'kellerf@gmail.com'),
(47, 'Veres András', '(70) 929-87-88', 'veresa@magantanar.hu'),
(48, 'Magyar Csilla', '(70) 241-53-74', 'magyarc@freemail.hu'),
(49, 'Kertész Kitty', '(30) 777-31-20', 'kertesz.kitty@gmail.com'),
(50, 'Braun Gergely', '(70) 120-81-49', 'braung@gmail.com'),
(51, 'Vörös Szimonetta', '(70) 670-95-40', 'voross@gmail.com'),
(52, 'Zsikla Kálmán', '(20) 392-11-55', 'zsikla.kalman@elte.hu'),
(53, 'Vállas József', '(20) 102-19-20', 'vallasj@magantanar.hu'),
(54, 'Jászai János', '(30) 794-41-95', 'jaszai.janos@elte.hu');

-- --------------------------------------------------------

--
-- Tábla szerkezet ehhez a táblához `tantargy`
--

CREATE TABLE `tantargy` (
  `tantargy_id` int(11) NOT NULL,
  `tantargynev` varchar(20) DEFAULT NULL
) ENGINE=InnoDB DEFAULT CHARSET=utf8;

--
-- A tábla adatainak kiíratása `tantargy`
--

INSERT INTO `tantargy` (`tantargy_id`, `tantargynev`) VALUES
(1, 'matematika'),
(2, 'fizika'),
(3, 'kémia'),
(4, 'biológia'),
(5, 'programozás'),
(6, 'informatika'),
(7, 'magyar '),
(8, 'történelem'),
(9, 'angol'),
(10, 'német'),
(11, 'francia'),
(12, 'testnevelés'),
(13, 'adatbázis-kezelés'),
(14, 'közgazdaságtan'),
(15, 'ének-zene'),
(16, 'rajz');

--
-- Indexek a kiírt táblákhoz
--

--
-- A tábla indexei `tanar`
--
ALTER TABLE `tanar`
  ADD PRIMARY KEY (`tanar_id`),
  ADD UNIQUE KEY `nev` (`nev`),
  ADD KEY `tantargy_id` (`tantargy_id`);

--
-- A tábla indexei `tanitasi_alkalom`
--
ALTER TABLE `tanitasi_alkalom`
  ADD PRIMARY KEY (`alkalom_id`),
  ADD KEY `tanar_id` (`tanar_id`),
  ADD KEY `tanitvany_id` (`tanitvany_id`);

--
-- A tábla indexei `tanitvany`
--
ALTER TABLE `tanitvany`
  ADD PRIMARY KEY (`tanitvany_id`),
  ADD UNIQUE KEY `nev` (`nev`);

--
-- A tábla indexei `tantargy`
--
ALTER TABLE `tantargy`
  ADD PRIMARY KEY (`tantargy_id`);

--
-- A kiírt táblák AUTO_INCREMENT értéke
--

--
-- AUTO_INCREMENT a táblához `tanar`
--
ALTER TABLE `tanar`
  MODIFY `tanar_id` int(11) NOT NULL AUTO_INCREMENT, AUTO_INCREMENT=101;

--
-- AUTO_INCREMENT a táblához `tanitasi_alkalom`
--
ALTER TABLE `tanitasi_alkalom`
  MODIFY `alkalom_id` int(11) NOT NULL AUTO_INCREMENT, AUTO_INCREMENT=606;

--
-- AUTO_INCREMENT a táblához `tanitvany`
--
ALTER TABLE `tanitvany`
  MODIFY `tanitvany_id` int(11) NOT NULL AUTO_INCREMENT, AUTO_INCREMENT=432;

--
-- AUTO_INCREMENT a táblához `tantargy`
--
ALTER TABLE `tantargy`
  MODIFY `tantargy_id` int(11) NOT NULL AUTO_INCREMENT, AUTO_INCREMENT=21;

--
-- Megkötések a kiírt táblákhoz
--

--
-- Megkötések a táblához `tanar`
--
ALTER TABLE `tanar`
  ADD CONSTRAINT `tanar_ibfk_1` FOREIGN KEY (`tantargy_id`) REFERENCES `tantargy` (`tantargy_id`);

--
-- Megkötések a táblához `tanitasi_alkalom`
--
ALTER TABLE `tanitasi_alkalom`
  ADD CONSTRAINT `tanitasi_alkalom_ibfk_1` FOREIGN KEY (`tanar_id`) REFERENCES `tanar` (`tanar_id`),
  ADD CONSTRAINT `tanitasi_alkalom_ibfk_2` FOREIGN KEY (`tanitvany_id`) REFERENCES `tanitvany` (`tanitvany_id`);
COMMIT;

/*!40101 SET CHARACTER_SET_CLIENT=@OLD_CHARACTER_SET_CLIENT */;
/*!40101 SET CHARACTER_SET_RESULTS=@OLD_CHARACTER_SET_RESULTS */;
/*!40101 SET COLLATION_CONNECTION=@OLD_COLLATION_CONNECTION */;
